iucr_id,iucr,offense_type,description,nibrs
1,110,HOMICIDE,FIRST DEGREE MURDER,
2,130,HOMICIDE,SECOND DEGREE MURDER,
3,141,HOMICIDE,INVOLUNTARY MANSLAUGHTER,
4,142,HOMICIDE,RECKLESS HOMICIDE,01B
5,261,CRIMINAL SEXUAL ASSAULT,AGGRAVATED - HANDGUN,2
6,262,CRIMINAL SEXUAL ASSAULT,AGGRAVATED - OTHER FIREARM,
7,263,CRIMINAL SEXUAL ASSAULT,AGGRAVATED - KNIFE / CUTTING INSTRUMENT,2
8,264,CRIMINAL SEXUAL ASSAULT,AGGRAVATED - OTHER DANGEROUS WEAPON,2
9,265,CRIMINAL SEXUAL ASSAULT,AGGRAVATED - OTHER,2
10,266,CRIMINAL SEXUAL ASSAULT,PREDATORY,2
11,271,CRIMINAL SEXUAL ASSAULT,ATTEMPT AGGRAVATED - HANDGUN,2
12,272,CRIMINAL SEXUAL ASSAULT,ATTEMPT AGGRAVATED - OTHER FIREARM,
13,273,CRIMINAL SEXUAL ASSAULT,ATTEMPT AGGRAVATED - KNIFE / CUTTING INSTRUMENT,2
14,274,CRIMINAL SEXUAL ASSAULT,ATTEMPT AGGRAVATED - OTHER DANGEROUS WEAPON,2
15,275,CRIMINAL SEXUAL ASSAULT,ATTEMPT AGGRAVATED - OTHER,2
16,281,CRIMINAL SEXUAL ASSAULT,NON-AGGRAVATED,2
17,291,CRIMINAL SEXUAL ASSAULT,ATTEMPT NON-AGGRAVATED,2
18,312,ROBBERY,ARMED - KNIFE / CUTTING INSTRUMENT,3
19,313,ROBBERY,ARMED - OTHER DANGEROUS WEAPON,3
20,031A,ROBBERY,ARMED - HANDGUN,3
21,031B,ROBBERY,ARMED - OTHER FIREARM,3
22,320,ROBBERY,STRONG ARM - NO WEAPON,3
23,325,ROBBERY,VEHICULAR HIJACKING,3
24,326,ROBBERY,AGGRAVATED VEHICULAR HIJACKING,3
25,330,ROBBERY,AGGRAVATED,3
26,331,ROBBERY,ATTEMPT AGGRAVATED,3
27,334,ROBBERY,ATTEMPT ARMED - KNIFE / CUTTING INSTRUMENT,3
28,337,ROBBERY,ATTEMPT ARMED - OTHER DANGEROUS WEAPON,3
29,033A,ROBBERY,ATTEMPT ARMED - HANDGUN,3
30,033B,ROBBERY,ATTEMPT ARMED - OTHER FIREARM,3
31,340,ROBBERY,ATTEMPT STRONG ARM - NO WEAPON,3
32,041A,BATTERY,AGGRAVATED - HANDGUN,04B
33,041B,BATTERY,AGGRAVATED - OTHER FIREARM,04B
34,420,BATTERY,AGGRAVATED - KNIFE / CUTTING INSTRUMENT,04B
35,430,BATTERY,AGGRAVATED - OTHER DANGEROUS WEAPON,04B
36,440,BATTERY,"AGGRAVATED - HANDS, FISTS, FEET, NO / MINOR INJURY",08B
37,450,BATTERY,AGGRAVATED POLICE OFFICER - HANDGUN,04B
38,451,BATTERY,AGGRAVATED POLICE OFFICER - OTHER FIREARM,
39,452,BATTERY,AGGRAVATED POLICE OFFICER - KNIFE / CUTTING INSTRUMENT,04B
40,453,BATTERY,AGGRAVATED POLICE OFFICER - OTHER DANGEROUS WEAPON,04B
41,454,BATTERY,"AGGRAVATED P.O. - HANDS, FISTS, FEET, NO / MINOR INJURY",08B
42,460,BATTERY,SIMPLE,08B
43,461,BATTERY,"AGGRAVATED P.O. - HANDS, FISTS, FEET, SERIOUS INJURY",04B
44,462,BATTERY,"AGG. PROTECTED EMPLOYEE - HANDS, FISTS, FEET, SERIOUS INJURY",04B
45,470,PUBLIC PEACE VIOLATION,RECKLESS CONDUCT,24
46,475,BATTERY,OF AN UNBORN CHILD,08B
47,479,BATTERY,"AGGRAVATED - HANDS, FISTS, FEET, SERIOUS INJURY",04B
48,480,BATTERY,AGGRAVATED PROTECTED EMPLOYEE - HANDGUN,
49,481,BATTERY,AGGRAVATED PROTECTED EMPLOYEE - OTHER FIREARM,
50,482,BATTERY,AGGRAVATED PROTECTED EMPLOYEE - KNIFE / CUTTING INSTRUMENT,04B
51,483,BATTERY,AGGRAVATED PROTECTED EMPLOYEE - OTHER DANGEROUS WEAPON,04B
52,484,BATTERY,"PROTECTED EMPLOYEE - HANDS, FISTS, FEET, NO / MINOR INJURY",08B
53,485,BATTERY,AGGRAVATED OF A CHILD,04B
54,486,BATTERY,DOMESTIC BATTERY SIMPLE,08B
55,487,BATTERY,AGGRAVATED OF AN UNBORN CHILD,04B
56,488,BATTERY,AGGRAVATED DOMESTIC BATTERY - HANDGUN,04B
57,489,BATTERY,AGGRAVATED DOMESTIC BATTERY - OTHER FIREARM,
58,490,RITUALISM,AGGRAVATED RITUAL MUTILATION - HANDGUN,
59,491,RITUALISM,AGGRAVATED RITUAL MUTILATION - OTHER FIREARM,
60,492,RITUALISM,AGGRAVATED RITUAL MUTILATION - KNIFE / CUTTING INSTRUMENT,
61,493,RITUALISM,AGGRAVATED RITUAL MUTILATION - OTHER DANGEROUS WEAPON,
62,494,RITUALISM,AGGRAVATED RITUAL MUTILATION -HANDS / FEET NO / MINOR INJURY,
63,495,BATTERY,AGGRAVATED OF A SENIOR CITIZEN,04B
64,496,BATTERY,AGGRAVATED DOMESTIC BATTERY - KNIFE / CUTTING INSTRUMENT,04B
65,497,BATTERY,AGGRAVATED DOMESTIC BATTERY - OTHER DANGEROUS WEAPON,04B
66,498,BATTERY,"AGG. DOMESTIC BATTERY - HANDS, FISTS, FEET, SERIOUS INJURY",04B
67,499,BATTERY,AGGRAVATED DOMESTIC BATTERY,
68,510,RITUALISM,"AGG. RITUAL MUTILATION - HANDS, FISTS, FEET, SERIOUS INJURY",
69,051A,ASSAULT,AGGRAVATED - HANDGUN,04A
70,051B,ASSAULT,AGGRAVATED - OTHER FIREARM,04A
71,520,ASSAULT,AGGRAVATED - KNIFE / CUTTING INSTRUMENT,04A
72,530,ASSAULT,AGGRAVATED - OTHER DANGEROUS WEAPON,04A
73,545,ASSAULT,"PROTECTED EMPLOYEE - HANDS, FISTS, FEET, NO / MINOR INJURY",08A
74,550,ASSAULT,AGGRAVATED POLICE OFFICER - HANDGUN,04A
75,551,ASSAULT,AGGRAVATED POLICE OFFICER - OTHER FIREARM,04A
76,552,ASSAULT,AGGRAVATED POLICE OFFICER - KNIFE / CUTTING INSTRUMENT,04A
77,553,ASSAULT,AGGRAVATED POLICE OFFICER - OTHER DANGEROUS WEAPON,04A
78,554,ASSAULT,"AGGRAVATED POLICE OFFICER - HANDS, FISTS, FEET, NO INJURY",08A
79,555,ASSAULT,AGGRAVATED PROTECTED EMPLOYEE - HANDGUN,04A
80,556,ASSAULT,AGGRAVATED PROTECTED EMPLOYEE - OTHER FIREARM,04A
81,557,ASSAULT,AGGRAVATED PROTECTED EMPLOYEE - KNIFE / CUTTING INSTRUMENT,04A
82,558,ASSAULT,AGGRAVATED PROTECTED EMPLOYEE - OTHER DANGEROUS WEAPON,04A
83,560,ASSAULT,SIMPLE,08A
84,580,STALKING,SIMPLE,08A
85,581,STALKING,AGGRAVATED,08A
86,583,STALKING,CYBERSTALKING,08A
87,584,STALKING,VIOLATION OF STALKING NO CONTACT ORDER,26
88,610,BURGLARY,FORCIBLE ENTRY,5
89,620,BURGLARY,UNLAWFUL ENTRY,5
90,630,BURGLARY,ATTEMPT FORCIBLE ENTRY,5
91,650,BURGLARY,HOME INVASION,5
92,810,THEFT,OVER $500,6
93,820,THEFT,$500 AND UNDER,6
94,830,THEFT,THEFT RETAIL,
95,840,THEFT,FINANCIAL IDENTITY THEFT: OVER $300,6
96,841,THEFT,FINANCIAL IDENTITY THEFT: $300 & UNDER,6
97,842,THEFT,AGGRAVATED: FINANCIAL IDENTITY THEFT,6
98,843,THEFT,ATTEMPT FINANCIAL IDENTITY THEFT,6
99,850,THEFT,ATTEMPT THEFT,6
100,860,THEFT,RETAIL THEFT,6
101,865,THEFT,DELIVERY CONTAINER THEFT,6
102,870,THEFT,POCKET-PICKING,6
103,880,THEFT,PURSE-SNATCHING,6
104,890,THEFT,FROM BUILDING,6
105,895,THEFT,FROM COIN-OPERATED MACHINE OR DEVICE,6
106,910,MOTOR VEHICLE THEFT,AUTOMOBILE,7
107,915,MOTOR VEHICLE THEFT,"TRUCK, BUS, MOTOR HOME",7
108,917,MOTOR VEHICLE THEFT,"CYCLE, SCOOTER, BIKE WITH VIN",7
109,918,MOTOR VEHICLE THEFT,"CYCLE, SCOOTER, BIKE NO VIN",7
110,920,MOTOR VEHICLE THEFT,ATTEMPT - AUTOMOBILE,7
111,925,MOTOR VEHICLE THEFT,"ATTEMPT - TRUCK, BUS, MOTOR HOME",7
112,927,MOTOR VEHICLE THEFT,"ATTEMPT - CYCLE, SCOOTER, BIKE WITH VIN",7
113,928,MOTOR VEHICLE THEFT,"ATTEMPT - CYCLE, SCOOTER, BIKE NO VIN",7
114,930,MOTOR VEHICLE THEFT,THEFT / RECOVERY - AUTOMOBILE,7
115,935,MOTOR VEHICLE THEFT,"THEFT / RECOVERY - TRUCK, BUS, MOBILE HOME",7
116,937,MOTOR VEHICLE THEFT,"THEFT / RECOVERY - CYCLE, SCOOTER, BIKE WITH VIN",7
117,938,MOTOR VEHICLE THEFT,"THEFT / RECOVERY - CYCLE, SCOOTER, BIKE NO VIN",
118,1010,ARSON,BY EXPLOSIVE,9
119,1020,ARSON,BY FIRE,9
120,1025,ARSON,AGGRAVATED,9
121,1030,ARSON,POSSESSION - EXPLOSIVE / INCENDIARY DEVICE,26
122,1035,ARSON,POSSESSION - CHEMICAL / DRY-ICE DEVICE,26
123,1050,HUMAN TRAFFICKING,COMMERCIAL SEX ACTS,
124,1055,HUMAN TRAFFICKING,INVOLUNTARY SERVITUDE,
125,1090,ARSON,ATTEMPT ARSON,9
126,1110,DECEPTIVE PRACTICE,BOGUS CHECK,11
127,1120,DECEPTIVE PRACTICE,FORGERY,10
128,1121,DECEPTIVE PRACTICE,COUNTERFEITING DOCUMENT,10
129,1122,DECEPTIVE PRACTICE,COUNTERFEIT CHECK,10
130,1130,DECEPTIVE PRACTICE,FRAUD OR CONFIDENCE GAME,11
131,1135,DECEPTIVE PRACTICE,INSURANCE FRAUD,11
132,1140,DECEPTIVE PRACTICE,EMBEZZLEMENT,12
133,1150,DECEPTIVE PRACTICE,CREDIT CARD FRAUD,11
134,1151,DECEPTIVE PRACTICE,ILLEGAL POSSESSION CASH CARD,11
135,1152,DECEPTIVE PRACTICE,ILLEGAL USE CASH CARD,11
136,1153,DECEPTIVE PRACTICE,FINANCIAL IDENTITY THEFT OVER $ 300,11
137,1154,DECEPTIVE PRACTICE,FINANCIAL IDENTITY THEFT $300 AND UNDER,11
138,1155,DECEPTIVE PRACTICE,AGGRAVATED FINANCIAL IDENTITY THEFT,11
139,1156,DECEPTIVE PRACTICE,ATTEMPT - FINANCIAL IDENTITY THEFT,11
140,1160,DECEPTIVE PRACTICE,ALTER COINS,
141,1170,DECEPTIVE PRACTICE,IMPERSONATION,11
142,1185,DECEPTIVE PRACTICE,DECEPTIVE COLLECTION PRACTICES,11
143,1195,DECEPTIVE PRACTICE,FINANCIAL EXPLOITATION OF AN ELDERLY OR DISABLED PERSON,11
144,1200,DECEPTIVE PRACTICE,STOLEN PROPERTY BUY / RECEIVE / POSSESS,13
145,1205,DECEPTIVE PRACTICE,"THEFT BY LESSEE, NON-MOTOR VEHICLE",11
146,1206,DECEPTIVE PRACTICE,"THEFT BY LESSEE, MOTOR VEHICLE",11
147,1210,DECEPTIVE PRACTICE,THEFT OF LABOR / SERVICES,11
148,1220,DECEPTIVE PRACTICE,THEFT OF LOST / MISLAID PROPERTY,11
149,1230,DECEPTIVE PRACTICE,POSSESS KEYS OR DEVICE TO COIN MACHINE,
150,1235,DECEPTIVE PRACTICE,UNLAWFUL USE OF RECORDED SOUND,11
151,1240,DECEPTIVE PRACTICE,UNLAWFUL USE OF A COMPUTER,11
152,1241,DECEPTIVE PRACTICE,AGGRAVATED COMPUTER TAMPERING,11
153,1242,DECEPTIVE PRACTICE,COMPUTER FRAUD,11
154,1245,DECEPTIVE PRACTICE,PAY TV SERVICE OFFENSES,11
155,1255,DECEPTIVE PRACTICE,UNIDENTIFIABLE RECORDING SOUND,11
156,1260,DECEPTIVE PRACTICE,LIBRARY THEFT,11
157,1261,DECEPTIVE PRACTICE,UNAUTHORIZED VIDEOTAPING,11
158,1265,CRIMINAL DAMAGE,LIBRARY VANDALISM,14
159,1305,CRIMINAL DAMAGE,CRIMINAL DEFACEMENT,14
160,1310,CRIMINAL DAMAGE,TO PROPERTY,14
161,1320,CRIMINAL DAMAGE,TO VEHICLE,14
162,1330,CRIMINAL TRESPASS,TO LAND,26
163,1335,CRIMINAL TRESPASS,TO AIRPORT,26
164,1340,CRIMINAL DAMAGE,TO STATE SUPPORTED PROPERTY,14
165,1345,CRIMINAL DAMAGE,TO CITY OF CHICAGO PROPERTY,14
166,1350,CRIMINAL TRESPASS,TO STATE SUP LAND,26
167,1360,CRIMINAL TRESPASS,TO VEHICLE,26
168,1365,CRIMINAL TRESPASS,TO RESIDENCE,26
169,1370,CRIMINAL DAMAGE,TO FIRE FIGHT.APP.EQUIP,14
170,1375,CRIMINAL DAMAGE,INSTITUTIONAL VANDALISM,14
171,141A,WEAPONS VIOLATION,UNLAWFUL USE - HANDGUN,15
172,141B,WEAPONS VIOLATION,UNLAWFUL USE - OTHER FIREARM,15
173,141C,WEAPONS VIOLATION,UNLAWFUL USE - OTHER DANGEROUS WEAPON,15
174,142A,WEAPONS VIOLATION,UNLAWFUL SALE - HANDGUN,15
175,142B,WEAPONS VIOLATION,UNLAWFUL SALE - OTHER FIREARM,15
176,1435,WEAPONS VIOLATION,UNLAWFUL SALE - DELIVERY OF FIREARM AT SCHOOL,15
177,143A,WEAPONS VIOLATION,UNLAWFUL POSSESSION - HANDGUN,15
178,143B,WEAPONS VIOLATION,UNLAWFUL POSSESSION - OTHER FIREARM,15
179,143C,WEAPONS VIOLATION,UNLAWFUL POSSESSION - AMMUNITION,15
180,1440,WEAPONS VIOLATION,REGISTER OF SALES BY DEALER,
181,1450,WEAPONS VIOLATION,DEFACE IDENTIFICATION MARKS OF FIREARM,
182,1460,WEAPONS VIOLATION,POSSESS FIREARM / AMMUNITION - NO FOID CARD,15
183,1475,WEAPONS VIOLATION,SALE OF METAL PIERCING BULLETS,
184,1476,WEAPONS VIOLATION,USE OF METAL PIERCING BULLETS,
185,1477,WEAPONS VIOLATION,RECKLESS FIREARM DISCHARGE,15
186,1478,CONCEALED CARRY LICENSE VIOLATION,PROHIBITED PLACES,
187,1479,CONCEALED CARRY LICENSE VIOLATION,ARMED WHILE UNDER THE INFLUENCE,
188,1480,CONCEALED CARRY LICENSE VIOLATION,OTHER,
189,1481,NON-CRIMINAL,CONCEALED CARRY LICENSE REVOCATION,
190,1505,PROSTITUTION,CALL OPERATION,16
191,1506,PROSTITUTION,SOLICIT ON PUBLIC WAY,16
192,1507,PROSTITUTION,SOLICIT OFF PUBLIC WAY,16
193,1510,PROSTITUTION,CAB OPERATION,
194,1511,PROSTITUTION,IN TAVERN,16
195,1512,PROSTITUTION,SOLICITING FOR A PROSTITUTE,16
196,1513,PROSTITUTION,SOLICITING FOR BUSINESS,16
197,1515,PROSTITUTION,PANDERING,
198,1520,PROSTITUTION,KEEPING PLACE OF PROSTITUTION,16
199,1521,PROSTITUTION,KEEPING PLACE OF JUVENILE PROSTITUTION,
200,1525,PROSTITUTION,PATRONIZING A PROSTITUTE,16
201,1526,PROSTITUTION,PATRONIZING A JUVENILE PROSTITUTE,
202,1530,PROSTITUTION,PIMPING,16
203,1531,PROSTITUTION,JUVENILE PIMPING,16
204,1535,OBSCENITY,OBSCENITY,17
205,1536,PUBLIC INDECENCY,LICENSED PREMISE,17
206,1537,OFFENSE INVOLVING CHILDREN,POSSESSION OF PORNOGRAPHIC PRINT,16
207,1540,OBSCENITY,OBSCENE MATTER,17
208,1541,OBSCENITY,SALE / DISTRIBUTE OBSCENE MATERIAL TO MINOR,17
209,1542,OBSCENITY,SALE OF OBSCENE MATERIALS,
210,1544,SEX OFFENSE,SEXUAL EXPLOITATION OF A CHILD,17
211,1549,PROSTITUTION,OTHER PROSTITUTION OFFENSE,16
212,1562,SEX OFFENSE,AGGRAVATED CRIMINAL SEXUAL ABUSE,17
213,1563,SEX OFFENSE,CRIMINAL SEXUAL ABUSE,17
214,1564,SEX OFFENSE,CRIMINAL TRANSMISSION OF HIV,17
215,1565,SEX OFFENSE,INDECENT SOLICITATION OF A CHILD,17
216,1566,SEX OFFENSE,INDECENT SOLICITATION OF AN ADULT,17
217,1570,SEX OFFENSE,PUBLIC INDECENCY,17
218,1572,SEX OFFENSE,ADULTRY,
219,1574,SEX OFFENSE,FORNICATION,
220,1576,SEX OFFENSE,BIGAMY,17
221,1578,SEX OFFENSE,MARRYING A BIGAMIST,
222,1580,SEX OFFENSE,SEXUAL RELATIONS IN FAMILY,17
223,1582,OFFENSE INVOLVING CHILDREN,CHILD PORNOGRAPHY,17
224,1585,SEX OFFENSE,OTHER,17
225,1590,SEX OFFENSE,ATTEMPT AGGRAVATED CRIMINAL SEXUAL ABUSE,17
226,1610,GAMBLING,BOOKMAKING / HORSES,
227,1611,GAMBLING,BOOKMAKING / SPORTS,19
228,1620,GAMBLING,BOLITA OR BOLI PUL / OFFICE,
229,1621,GAMBLING,BOLITA OR BOLI PUL / RUNNER,
230,1622,GAMBLING,BOLITA OR BOLI PUL / WRITER,
231,1623,GAMBLING,BOLITA OR BOLI PUL / STATION,
232,1624,GAMBLING,LOTTERY / PARI-MUTUEL,
233,1625,GAMBLING,NATIONAL LOTTERY,
234,1626,GAMBLING,ILLEGAL ILLINOIS LOTTERY,
235,1627,GAMBLING,LOTTERY / OTHER,
236,1630,GAMBLING,WIREROOM / HORSES,
237,1631,GAMBLING,WIREROOM / SPORTS,
238,1632,GAMBLING,WIREROOM / NUMBERS,
239,1633,GAMBLING,SPORTS TAMPERING,
240,1640,GAMBLING,REGISTER FEDERAL GAMBLING STAMP,
241,1650,GAMBLING,VIOLATION OF CHARITABLE GAME ACT,
242,1651,GAMBLING,GAME/CARDS,19
243,1661,GAMBLING,GAME/DICE,19
244,1670,GAMBLING,GAME / AMUSEMENT DEVICE,19
245,1680,GAMBLING,OTHER,19
246,1681,GAMBLING,LOTTERY / PARLAY CARDS,
247,1682,OTHER OFFENSE,ANIMAL FIGHTING,19
248,1690,GAMBLING,POLICY / HOUSEBOOK,
249,1691,GAMBLING,POLICY / STATION,
250,1692,GAMBLING,POLICY / RUNNER,
251,1693,GAMBLING,POLICY / TURN-IN,
252,1694,GAMBLING,POLICY / OFFICE,
253,1695,GAMBLING,POLICY / PRESS,
254,1696,GAMBLING,POLICY / WHEEL,
255,1697,GAMBLING,POLICY / OTHER,
256,1710,OFFENSE INVOLVING CHILDREN,ENDANGERING LIFE / HEALTH OF CHILD,26
257,1715,OFFENSE INVOLVING CHILDREN,SALE OF TOBACCO PRODUCTS TO MINOR,26
258,1720,OFFENSE INVOLVING CHILDREN,CONTRIBUTE TO THE DELINQUENCY OF CHILD,20
259,1725,OFFENSE INVOLVING CHILDREN,CONTRIBUTE TO THE CRIMINAL DELINQUENCY OF CHILD,26
260,1750,OFFENSE INVOLVING CHILDREN,CHILD ABUSE,20
261,1751,OFFENSE INVOLVING CHILDREN,CRIMINAL SEXUAL ABUSE BY FAMILY MEMBER,20
262,1752,OFFENSE INVOLVING CHILDREN,AGGRAVATED CRIMINAL SEXUAL ABUSE BY FAMILY MEMBER,20
263,1753,OFFENSE INVOLVING CHILDREN,SEXUAL ASSAULT OF CHILD BY FAMILY MEMBER,2
264,1754,OFFENSE INVOLVING CHILDREN,AGGRAVATED SEXUAL ASSAULT OF CHILD BY FAMILY MEMBER,2
265,1755,OFFENSE INVOLVING CHILDREN,CHILD ABANDONMENT,26
266,1775,OFFENSE INVOLVING CHILDREN,SALE OF TRAVEL TICKET TO MINOR,
267,1780,OFFENSE INVOLVING CHILDREN,OTHER OFFENSE,26
268,1790,OFFENSE INVOLVING CHILDREN,CHILD ABDUCTION,20
269,1791,OFFENSE INVOLVING CHILDREN,HARBOR RUNAWAY,20
270,1792,KIDNAPPING,CHILD ABDUCTION / STRANGER,20
271,1811,NARCOTICS,POSSESS - CANNABIS 30 GRAMS OR LESS,18
272,1812,NARCOTICS,POSSESS - CANNABIS MORE THAN 30 GRAMS,18
273,1821,NARCOTICS,MANUFACTURE / DELIVER - CANNABIS 10 GRAMS OR LESS,18
274,1822,NARCOTICS,MANUFACTURE / DELIVER - CANNABIS OVER 10 GRAMS,18
275,1840,NARCOTICS,DELIVER CANNABIS TO PERSON UNDER 18,18
276,1850,NARCOTICS,CANNABIS PLANT,18
277,1860,NARCOTICS,CALCULATED CANNABIS CONSPIRACY,
278,1900,OTHER NARCOTIC VIOLATION,INTOXICATING COMPOUNDS,18
279,2010,NARCOTICS,MANUFACTURE / DELIVER - AMPHETAMINES,18
280,2011,NARCOTICS,MANUFACTURE / DELIVER - BARBITURATES,18
281,2012,NARCOTICS,MANUFACTURE / DELIVER - COCAINE,18
282,2013,NARCOTICS,MANUFACTURE / DELIVER - HEROIN (TAN / BROWN TAR),18
283,2014,NARCOTICS,MANUFACTURE / DELIVER -  HEROIN (WHITE),18
284,2015,NARCOTICS,MANUFACTURE / DELIVER - HALLUCINOGEN,18
285,2016,NARCOTICS,MANUFACTURE / DELIVER - PCP,18
286,2017,NARCOTICS,MANUFACTURE / DELIVER - CRACK,18
287,2018,NARCOTICS,MANUFACTURE / DELIVER - SYNTHETIC DRUGS,18
288,2019,NARCOTICS,MANUFACTURE / DELIVER - HEROIN (BLACK TAR),18
289,2020,NARCOTICS,POSSESS - AMPHETAMINES,18
290,2021,NARCOTICS,POSSESS - BARBITURATES,18
291,2022,NARCOTICS,POSSESS - COCAINE,18
292,2023,NARCOTICS,POSSESS - HEROIN (TAN / BROWN TAR),18
293,2024,NARCOTICS,POSSESS - HEROIN (WHITE),18
294,2025,NARCOTICS,POSSESS - HALLUCINOGENS,18
295,2026,NARCOTICS,POSSESS - PCP,18
296,2027,NARCOTICS,POSSESS - CRACK,18
297,2028,NARCOTICS,POSSESS - SYNTHETIC DRUGS,18
298,2029,NARCOTICS,POSSESS - HEROIN (BLACK TAR),18
299,2030,NARCOTICS,MANUFACTURE / DELIVER - LOOK-ALIKE DRUG,18
300,2031,NARCOTICS,POSSESS - METHAMPHETAMINE,18
301,2032,NARCOTICS,MANUFACTURE / DELIVER - METHAMPHETAMINE,18
302,2033,NARCOTICS,MANUFACTURE / DELIVER - SYNTHETIC MARIJUANA,18
303,2034,NARCOTICS,POSSESSION - SYNTHETIC MARIJUANA,18
304,2040,NARCOTICS,POSSESS - LOOK-ALIKE DRUGS,18
305,2050,NARCOTICS,CRIMINAL DRUG CONSPIRACY,18
306,2060,NARCOTICS,FAILURE TO REGISTER LICENSE - CONTROLLED SUBSTANCES,
307,2070,NARCOTICS,DELIVER CONTROLLED SUBSTANCES TO PERSON UNDER 18,
308,2080,NARCOTICS,FAILURE TO MAINTAIN RECORDS - CONTROLLED SUBSTANCES,18
309,2090,NARCOTICS,ALTER / FORGE PRESCRIPTION,18
310,2091,NARCOTICS,FORFEIT PROPERTY,26
311,2092,NARCOTICS,SOLICIT NARCOTICS ON PUBLIC WAY,26
312,2093,NARCOTICS,FOUND SUSPECT NARCOTICS,18
313,2094,NARCOTICS,ATTEMPT POSSESSION CANNABIS,18
314,2095,NARCOTICS,ATTEMPT POSSESSION NARCOTICS,18
315,2110,NARCOTICS,POSSESS - HYPODERMIC NEEDLE,18
316,2111,NARCOTICS,SALE / DELIVER - HYPODERMIC NEEDLE,
317,2120,NARCOTICS,FAILURE TO KEEP HYPODERMIC RECORDS,
318,2160,NARCOTICS,SALE / DELIVER - DRUG PARAPHERNALIA,26
319,2170,NARCOTICS,POSSESSION OF DRUG EQUIPMENT,18
320,2210,LIQUOR LAW VIOLATION,SELL / GIVE / DELIVER LIQUOR TO MINOR,22
321,2220,LIQUOR LAW VIOLATION,ILLEGAL POSSESSION BY MINOR,22
322,2230,LIQUOR LAW VIOLATION,ILLEGAL CONSUMPTION BY MINOR,22
323,2240,LIQUOR LAW VIOLATION,MINOR MISREPRESENT AGE,22
324,2250,LIQUOR LAW VIOLATION,LIQUOR LICENSE VIOLATION,22
325,2251,LIQUOR LAW VIOLATION,EMPLOY MINOR,
326,2500,CRIMINAL ABORTION,CRIMINAL ABORTION,
327,2820,OTHER OFFENSE,TELEPHONE THREAT,26
328,2825,OTHER OFFENSE,HARASSMENT BY TELEPHONE,26
329,2826,OTHER OFFENSE,HARASSMENT BY ELECTRONIC MEANS,26
330,2830,OTHER OFFENSE,OBSCENE TELEPHONE CALLS,17
331,2840,PUBLIC PEACE VIOLATION,FALSE FIRE ALARM,24
332,2850,PUBLIC PEACE VIOLATION,BOMB THREAT,26
333,2851,PUBLIC PEACE VIOLATION,ARSON THREAT,26
334,2860,PUBLIC PEACE VIOLATION,FALSE POLICE REPORT,24
335,2870,PUBLIC PEACE VIOLATION,PEEPING TOM,24
336,2890,PUBLIC PEACE VIOLATION,OTHER VIOLATION,26
337,2895,PUBLIC PEACE VIOLATION,INTERFERE WITH EMERGENCY EQUIPMENT,26
338,2900,WEAPONS VIOLATION,UNLAWFUL USE / SALE OF AIR RIFLE,15
339,3000,PUBLIC PEACE VIOLATION,SELL / ADVERTISE FIREWORKS,26
340,3100,PUBLIC PEACE VIOLATION,MOB ACTION,24
341,3200,PUBLIC PEACE VIOLATION,ARMED VIOLENCE,
342,3300,PUBLIC PEACE VIOLATION,PUBLIC DEMONSTRATION,26
343,3400,PUBLIC PEACE VIOLATION,LOOTING,
344,3610,OTHER OFFENSE,INTERFERE WITH HIGHER EDUCATION,24
345,3710,INTERFERENCE WITH PUBLIC OFFICER,RESIST / OBSTRUCT / DISARM OFFICER,24
346,3720,INTERFERENCE WITH PUBLIC OFFICER,REFUSING TO AID AN OFFICER,
347,3730,INTERFERENCE WITH PUBLIC OFFICER,OBSTRUCTING JUSTICE,24
348,3731,INTERFERENCE WITH PUBLIC OFFICER,OBSTRUCTING IDENTIFICATION,24
349,3740,INTERFERENCE WITH PUBLIC OFFICER,CONCEALING / AIDING A FUGITIVE,
350,3750,INTERFERENCE WITH PUBLIC OFFICER,ESCAPE,24
351,3751,INTERFERENCE WITH PUBLIC OFFICER,AIDING ARRESTEE ESCAPE,
352,3760,INTERFERENCE WITH PUBLIC OFFICER,OBSTRUCTING SERVICE,24
353,3770,INTERFERENCE WITH PUBLIC OFFICER,CONTRABAND IN PRISON,
354,3800,INTERFERENCE WITH PUBLIC OFFICER,INTERFERENCE JUDICIAL PROCESS,26
355,3910,INTERFERENCE WITH PUBLIC OFFICER,BRIBERY,26
356,3920,INTERFERENCE WITH PUBLIC OFFICER,OFFICIAL MISCONDUCT,
357,3960,INTIMIDATION,INTIMIDATION,26
358,3966,INTIMIDATION,EDUCATIONAL INTIMIDAITON,
359,3970,INTIMIDATION,EXTORTION,26
360,3975,INTIMIDATION,COMPELLING ORGANIZATION MEMBERSHIP,26
361,3980,INTIMIDATION,COMPELLING CONFESSION,26
362,4210,KIDNAPPING,KIDNAPPING,26
363,4220,KIDNAPPING,AGGRAVATED,26
364,4230,KIDNAPPING,UNLAWFUL RESTRAINT,26
365,4240,KIDNAPPING,FORCIBLE DETENTION,26
366,4255,KIDNAPPING,UNLAWFUL VISITATION INTERFERENCE,26
367,4310,OTHER OFFENSE,POSSESSION OF BURGLARY TOOLS,26
368,4386,OTHER OFFENSE,VIOLATION OF CIVIL NO CONTACT ORDER,
369,4387,OTHER OFFENSE,VIOLATE ORDER OF PROTECTION,26
370,4388,OTHER OFFENSE,VIOLATION OF BAIL BOND - DOMESTIC VIOLENCE,26
371,4389,OTHER OFFENSE,VIOLATION GPS MONITORING DEVICE,
372,4410,OTHER OFFENSE,DESTRUCTION OF DRAFT CARD,
373,4420,OTHER OFFENSE,CRIMINAL FORTIFICATION,
374,4510,OTHER OFFENSE,PROBATION VIOLATION,26
375,4625,OTHER OFFENSE,PAROLE VIOLATION,26
376,4650,OTHER OFFENSE,SEX OFFENDER - FAIL TO REGISTER,26
377,4651,OTHER OFFENSE,SEX OFFENDER - FAIL TO REGISTER NEW ADDRESS,26
378,4652,OTHER OFFENSE,SEX OFFENDER - PROHIBITED ZONE,26
379,4740,OTHER OFFENSE,UNLAWFUL USE OF BODY ARMOR,
380,4750,OTHER OFFENSE,DISCLOSE DOMESTIC VIOLENCE VICTIM LOCATION,
381,4800,OTHER OFFENSE,MONEY LAUNDERING,26
382,4810,OTHER OFFENSE,COMPOUNDING A CRIME,26
383,4860,OTHER OFFENSE,BOARD PLANE WITH WEAPON,26
384,5000,OTHER OFFENSE,OTHER CRIME AGAINST PERSON,26
385,5001,OTHER OFFENSE,OTHER CRIME INVOLVING PROPERTY,26
386,5002,OTHER OFFENSE,OTHER VEHICLE OFFENSE,26
387,5003,OTHER OFFENSE,OTHER ARSON / EXPLOSIVE INCIDENT,26
388,5004,SEX OFFENSE,ATTEMPT CRIMINAL SEXUAL ABUSE,17
389,5005,SEX OFFENSE,ATTEMPT AGGRAVATED CRIMINAL SEXUAL ABUSE,
390,5007,OTHER OFFENSE,OTHER WEAPONS VIOLATION,26
391,5008,OTHER OFFENSE,FIREARM REGISTRATION VIOLATION,26
392,5009,OTHER OFFENSE,VIOLATION OF SMOKING BAN,26
393,500E,OTHER OFFENSE,EAVESDROPPING,26
394,500N,OTHER OFFENSE,ABUSE / NEGLECT - CARE FACILITY,26
395,5011,OTHER OFFENSE,LICENSE VIOLATION,26
396,5013,OTHER OFFENSE,VIOLATION OF SUMMARY CLOSURE,
397,501A,OTHER OFFENSE,ANIMAL ABUSE / NEGLECT,26
398,501H,OTHER OFFENSE,HAZARDOUS MATERIALS VIOLATION,26
399,502P,OTHER OFFENSE,FALSE / STOLEN / ALTERED TRP,26
400,502R,OTHER OFFENSE,VEHICLE TITLE / REGISTRATION OFFENSE,26
401,502T,OTHER OFFENSE,TAMPER WITH MOTOR VEHICLE,26
402,5110,OTHER OFFENSE,GUN OFFENDER - DUTY TO REGISTER,26
403,5111,OTHER OFFENSE,GUN OFFENDER - ANNUAL REGISTRATION,
404,5112,OTHER OFFENSE,GUN OFFENDER - DUTY TO REPORT CHANGE OF INFORMATION,
405,5120,OTHER OFFENSE,ARSONIST - DUTY TO REGISTER,
406,5121,OTHER OFFENSE,ARSONIST - ANNUAL REGISTRATION,
407,5122,OTHER OFFENSE,ARSONIST - FAIL TO REGISTER NEW ADDRESS,
408,5130,OTHER OFFENSE,VIOLENT OFFENDER - DUTY TO REGISTER,
409,5131,OTHER OFFENSE,VIOLENT OFFENDER - ANNUAL REGISTRATION,
410,5132,OTHER OFFENSE,VIOLENT OFFENDER - FAIL TO REGISTER NEW ADDRESS,
